<?xml version="1.0" encoding="UTF-8"?>
<Profile xmlns="http://soap.sforce.com/2006/04/metadata">
    <applicationVisibilities>
        <application>standard__AppLauncher</application>
        <default>false</default>
        <visible>false</visible>
    </applicationVisibilities>
    <applicationVisibilities>
        <application>standard__Chatter</application>
        <default>false</default>
        <visible>false</visible>
    </applicationVisibilities>
    <applicationVisibilities>
        <application>standard__Community</application>
        <default>false</default>
        <visible>false</visible>
    </applicationVisibilities>
    <applicationVisibilities>
        <application>standard__Content</application>
        <default>false</default>
        <visible>false</visible>
    </applicationVisibilities>
    <applicationVisibilities>
        <application>standard__Insights</application>
        <default>false</default>
        <visible>false</visible>
    </applicationVisibilities>
    <applicationVisibilities>
        <application>standard__LightningBolt</application>
        <default>false</default>
        <visible>false</visible>
    </applicationVisibilities>
    <applicationVisibilities>
        <application>standard__LightningInstrumentation</application>
        <default>false</default>
        <visible>false</visible>
    </applicationVisibilities>
    <applicationVisibilities>
        <application>standard__LightningSales</application>
        <default>false</default>
        <visible>false</visible>
    </applicationVisibilities>
    <applicationVisibilities>
        <application>standard__LightningSalesConsole</application>
        <default>false</default>
        <visible>false</visible>
    </applicationVisibilities>
    <applicationVisibilities>
        <application>standard__LightningService</application>
        <default>false</default>
        <visible>false</visible>
    </applicationVisibilities>
    <applicationVisibilities>
        <application>standard__Marketing</application>
        <default>false</default>
        <visible>false</visible>
    </applicationVisibilities>
    <applicationVisibilities>
        <application>standard__Platform</application>
        <default>true</default>
        <visible>true</visible>
    </applicationVisibilities>
    <applicationVisibilities>
        <application>standard__Sales</application>
        <default>false</default>
        <visible>false</visible>
    </applicationVisibilities>
    <applicationVisibilities>
        <application>standard__Service</application>
        <default>false</default>
        <visible>false</visible>
    </applicationVisibilities>
    <applicationVisibilities>
        <application>standard__ServiceConsole</application>
        <default>false</default>
        <visible>false</visible>
    </applicationVisibilities>
    <applicationVisibilities>
        <application>standard__Sites</application>
        <default>false</default>
        <visible>false</visible>
    </applicationVisibilities>
    <classAccesses>
        <apexClass>BillNetOrderCtrl</apexClass>
        <enabled>false</enabled>
    </classAccesses>
    <classAccesses>
        <apexClass>ChangePasswordController</apexClass>
        <enabled>false</enabled>
    </classAccesses>
    <classAccesses>
        <apexClass>ChangePasswordControllerTest</apexClass>
        <enabled>false</enabled>
    </classAccesses>
    <classAccesses>
        <apexClass>ForgotPasswordController</apexClass>
        <enabled>false</enabled>
    </classAccesses>
    <classAccesses>
        <apexClass>ForgotPasswordControllerTest</apexClass>
        <enabled>false</enabled>
    </classAccesses>
    <classAccesses>
        <apexClass>MyProfilePageController</apexClass>
        <enabled>false</enabled>
    </classAccesses>
    <classAccesses>
        <apexClass>MyProfilePageControllerTest</apexClass>
        <enabled>false</enabled>
    </classAccesses>
    <classAccesses>
        <apexClass>OrderController</apexClass>
        <enabled>false</enabled>
    </classAccesses>
    <classAccesses>
        <apexClass>SiteLoginController</apexClass>
        <enabled>false</enabled>
    </classAccesses>
    <classAccesses>
        <apexClass>SiteLoginControllerTest</apexClass>
        <enabled>false</enabled>
    </classAccesses>
    <classAccesses>
        <apexClass>SiteRegisterController</apexClass>
        <enabled>false</enabled>
    </classAccesses>
    <classAccesses>
        <apexClass>SiteRegisterControllerTest</apexClass>
        <enabled>false</enabled>
    </classAccesses>
    <custom>true</custom>
    <layoutAssignments>
        <layout>Account-Account Layout</layout>
    </layoutAssignments>
    <layoutAssignments>
        <layout>Asset-Asset Layout</layout>
    </layoutAssignments>
    <layoutAssignments>
        <layout>AssetRelationship-Asset Relationship Layout</layout>
    </layoutAssignments>
    <layoutAssignments>
        <layout>Campaign-Campaign Layout</layout>
    </layoutAssignments>
    <layoutAssignments>
        <layout>CampaignMember-Campaign Member Page Layout</layout>
    </layoutAssignments>
    <layoutAssignments>
        <layout>Case-Case Layout</layout>
    </layoutAssignments>
    <layoutAssignments>
        <layout>CaseClose-Close Case Layout</layout>
    </layoutAssignments>
    <layoutAssignments>
        <layout>CommunityMemberLayout-Community Member Layout</layout>
    </layoutAssignments>
    <layoutAssignments>
        <layout>ConsumptionRate-Consumption Rate Layout</layout>
    </layoutAssignments>
    <layoutAssignments>
        <layout>ConsumptionSchedule-Consumption Schedule Layout</layout>
    </layoutAssignments>
    <layoutAssignments>
        <layout>Contact-Contact Layout</layout>
    </layoutAssignments>
    <layoutAssignments>
        <layout>ContentVersion-Content Version Layout</layout>
    </layoutAssignments>
    <layoutAssignments>
        <layout>Contract-Contract Layout</layout>
    </layoutAssignments>
    <layoutAssignments>
        <layout>DandBCompany-D%26B Company Layout</layout>
    </layoutAssignments>
    <layoutAssignments>
        <layout>DuplicateRecordSet-Duplicate Record Set Layout</layout>
    </layoutAssignments>
    <layoutAssignments>
        <layout>EmailMessage-Email Message Layout</layout>
    </layoutAssignments>
    <layoutAssignments>
        <layout>Event-Event Layout</layout>
    </layoutAssignments>
    <layoutAssignments>
        <layout>FeedItem-Feed Item Layout</layout>
    </layoutAssignments>
    <layoutAssignments>
        <layout>Global-Global Layout</layout>
    </layoutAssignments>
    <layoutAssignments>
        <layout>Goal-Goal Layout</layout>
    </layoutAssignments>
    <layoutAssignments>
        <layout>GoalLink-Goal Link Layout</layout>
    </layoutAssignments>
    <layoutAssignments>
        <layout>Idea-Idea Layout</layout>
    </layoutAssignments>
    <layoutAssignments>
        <layout>Individual-Individual Layout</layout>
    </layoutAssignments>
    <layoutAssignments>
        <layout>JobTracker-Job Tracker Layout - Winter %2716</layout>
    </layoutAssignments>
    <layoutAssignments>
        <layout>Lead-Lead Layout</layout>
    </layoutAssignments>
    <layoutAssignments>
        <layout>Macro-Macro Layout</layout>
    </layoutAssignments>
    <layoutAssignments>
        <layout>Metric-Metric Layout</layout>
    </layoutAssignments>
    <layoutAssignments>
        <layout>MetricDataLink-Metric Data Link Layout</layout>
    </layoutAssignments>
    <layoutAssignments>
        <layout>Opportunity-Opportunity Layout</layout>
    </layoutAssignments>
    <layoutAssignments>
        <layout>OpportunityLineItem-Opportunity Product Layout</layout>
    </layoutAssignments>
    <layoutAssignments>
        <layout>Order-Order Layout</layout>
    </layoutAssignments>
    <layoutAssignments>
        <layout>OrderItem-Order Product Layout</layout>
    </layoutAssignments>
    <layoutAssignments>
        <layout>Pricebook2-Price Book Layout</layout>
    </layoutAssignments>
    <layoutAssignments>
        <layout>PricebookEntry-Price Book Entry Layout</layout>
    </layoutAssignments>
    <layoutAssignments>
        <layout>Product2-Product Layout</layout>
    </layoutAssignments>
    <layoutAssignments>
        <layout>ProductConsumptionSchedule-Product Consumption Schedule Layout</layout>
    </layoutAssignments>
    <layoutAssignments>
        <layout>QuickText-Quick Text Layout</layout>
    </layoutAssignments>
    <layoutAssignments>
        <layout>Scorecard-Scorecard Layout</layout>
    </layoutAssignments>
    <layoutAssignments>
        <layout>ScorecardAssociation-Scorecard Association Layout</layout>
    </layoutAssignments>
    <layoutAssignments>
        <layout>ScorecardMetric-Scorecard Metric Layout</layout>
    </layoutAssignments>
    <layoutAssignments>
        <layout>SocialPersona-Social Persona Layout</layout>
    </layoutAssignments>
    <layoutAssignments>
        <layout>SocialPost-Social Post Layout</layout>
    </layoutAssignments>
    <layoutAssignments>
        <layout>Solution-Solution Layout</layout>
    </layoutAssignments>
    <layoutAssignments>
        <layout>Task-Task Layout</layout>
    </layoutAssignments>
    <layoutAssignments>
        <layout>User-User Layout</layout>
    </layoutAssignments>
    <layoutAssignments>
        <layout>UserAlt-User Profile Layout</layout>
    </layoutAssignments>
    <layoutAssignments>
        <layout>UserProvAccount-User Provisioning Account Layout</layout>
    </layoutAssignments>
    <layoutAssignments>
        <layout>UserProvisioningLog-User Provisioning Log Layout</layout>
    </layoutAssignments>
    <layoutAssignments>
        <layout>UserProvisioningRequest-User Provisioning Request Layout</layout>
    </layoutAssignments>
    <layoutAssignments>
        <layout>WorkCoaching-Coaching Layout</layout>
    </layoutAssignments>
    <layoutAssignments>
        <layout>WorkFeedback-Feedback Layout</layout>
    </layoutAssignments>
    <layoutAssignments>
        <layout>WorkFeedbackQuestion-Feedback Question Layout - Winter %2716</layout>
    </layoutAssignments>
    <layoutAssignments>
        <layout>WorkFeedbackQuestionSet-Feedback Question Set Layout - Winter %2716</layout>
    </layoutAssignments>
    <layoutAssignments>
        <layout>WorkFeedbackRequest-Feedback Request Layout - Winter %2716</layout>
    </layoutAssignments>
    <layoutAssignments>
        <layout>WorkFeedbackTemplate-Feedback Template Layout</layout>
    </layoutAssignments>
    <layoutAssignments>
        <layout>WorkPerformanceCycle-Performance Cycle Layout - Winter %2716</layout>
    </layoutAssignments>
    <pageAccesses>
        <apexPage>AnswersHome</apexPage>
        <enabled>false</enabled>
    </pageAccesses>
    <pageAccesses>
        <apexPage>BandwidthExceeded</apexPage>
        <enabled>true</enabled>
    </pageAccesses>
    <pageAccesses>
        <apexPage>ChangePassword</apexPage>
        <enabled>false</enabled>
    </pageAccesses>
    <pageAccesses>
        <apexPage>Exception</apexPage>
        <enabled>true</enabled>
    </pageAccesses>
    <pageAccesses>
        <apexPage>FileNotFound</apexPage>
        <enabled>true</enabled>
    </pageAccesses>
    <pageAccesses>
        <apexPage>ForgotPassword</apexPage>
        <enabled>true</enabled>
    </pageAccesses>
    <pageAccesses>
        <apexPage>ForgotPasswordConfirm</apexPage>
        <enabled>true</enabled>
    </pageAccesses>
    <pageAccesses>
        <apexPage>IdeasHome</apexPage>
        <enabled>false</enabled>
    </pageAccesses>
    <pageAccesses>
        <apexPage>InMaintenance</apexPage>
        <enabled>true</enabled>
    </pageAccesses>
    <pageAccesses>
        <apexPage>MyProfilePage</apexPage>
        <enabled>false</enabled>
    </pageAccesses>
    <pageAccesses>
        <apexPage>OrderPage</apexPage>
        <enabled>true</enabled>
    </pageAccesses>
    <pageAccesses>
        <apexPage>SiteLogin</apexPage>
        <enabled>true</enabled>
    </pageAccesses>
    <pageAccesses>
        <apexPage>SiteRegister</apexPage>
        <enabled>true</enabled>
    </pageAccesses>
    <pageAccesses>
        <apexPage>SiteRegisterConfirm</apexPage>
        <enabled>true</enabled>
    </pageAccesses>
    <pageAccesses>
        <apexPage>SiteTemplate</apexPage>
        <enabled>true</enabled>
    </pageAccesses>
    <pageAccesses>
        <apexPage>StdExceptionTemplate</apexPage>
        <enabled>false</enabled>
    </pageAccesses>
    <pageAccesses>
        <apexPage>Unauthorized</apexPage>
        <enabled>true</enabled>
    </pageAccesses>
    <pageAccesses>
        <apexPage>UnderConstruction</apexPage>
        <enabled>false</enabled>
    </pageAccesses>
    <userLicense>Guest</userLicense>
</Profile>
