<?xml version="1.0" encoding="UTF-8"?>
<CustomSite xmlns="http://soap.sforce.com/2006/04/metadata">
    <active>true</active>
    <allowHomePage>false</allowHomePage>
    <allowStandardAnswersPages>false</allowStandardAnswersPages>
    <allowStandardIdeasPages>false</allowStandardIdeasPages>
    <allowStandardLookups>false</allowStandardLookups>
    <allowStandardSearch>false</allowStandardSearch>
    <authorizationRequiredPage>Unauthorized</authorizationRequiredPage>
    <bandwidthExceededPage>BandwidthExceeded</bandwidthExceededPage>
    <clickjackProtectionLevel>SameOriginOnly</clickjackProtectionLevel>
    <fileNotFoundPage>FileNotFound</fileNotFoundPage>
    <genericErrorPage>Exception</genericErrorPage>
    <inMaintenancePage>InMaintenance</inMaintenancePage>
    <inactiveIndexPage>InMaintenance</inactiveIndexPage>
    <indexPage>OrderPage</indexPage>
    <masterLabel>ISP</masterLabel>
    <requireHttps>true</requireHttps>
    <requireInsecurePortalAccess>false</requireInsecurePortalAccess>
    <siteAdmin>davidcsi2002@yahoo.ca</siteAdmin>
    <siteTemplate>SiteTemplate</siteTemplate>
    <siteType>Visualforce</siteType>
    <subdomain>davidzhu-developer-edition</subdomain>
</CustomSite>
