<?xml version="1.0" encoding="UTF-8"?>
<Workflow xmlns="http://soap.sforce.com/2006/04/metadata">
    <alerts>
        <fullName>Email_to_Customer_after_Order_Submission</fullName>
        <description>Email to Customer after Order Submission</description>
        <protected>false</protected>
        <recipients>
            <field>BillToContactId</field>
            <type>contactLookup</type>
        </recipients>
        <senderType>CurrentUser</senderType>
        <template>unfiled$public/Order_New_Order_Submitted</template>
    </alerts>
    <alerts>
        <fullName>Email_to_Support_after_Order_Submission</fullName>
        <ccEmails>emilydavid2002@yahoo.ca</ccEmails>
        <description>Email to Support after Order Submission</description>
        <protected>false</protected>
        <recipients>
            <recipient>Order_Confirmation_Support_Group</recipient>
            <type>group</type>
        </recipients>
        <recipients>
            <recipient>davidcsi2002@yahoo.ca</recipient>
            <type>user</type>
        </recipients>
        <senderType>CurrentUser</senderType>
        <template>unfiled$public/Order_Address_Confirmation_Required</template>
    </alerts>
    <alerts>
        <fullName>Order_Address_Verified</fullName>
        <description>Order Address Verified</description>
        <protected>false</protected>
        <recipients>
            <recipient>davidcsi2002@yahoo.ca</recipient>
            <type>user</type>
        </recipients>
        <senderType>CurrentUser</senderType>
        <template>unfiled$public/Order_Address_Confirmation_Required</template>
    </alerts>
    <fieldUpdates>
        <fullName>Order_Activation</fullName>
        <field>ActivatedDate</field>
        <formula>Now()</formula>
        <name>Order Activation</name>
        <notifyAssignee>false</notifyAssignee>
        <operation>Formula</operation>
        <protected>false</protected>
    </fieldUpdates>
    <fieldUpdates>
        <fullName>Set_Order_Submitted_Startus</fullName>
        <field>Status</field>
        <literalValue>Order Submitted</literalValue>
        <name>Set Order Submitted Startus</name>
        <notifyAssignee>false</notifyAssignee>
        <operation>Literal</operation>
        <protected>false</protected>
    </fieldUpdates>
    <rules>
        <fullName>Work Order Received Workflow Rule</fullName>
        <actions>
            <name>Email_to_Customer_after_Order_Submission</name>
            <type>Alert</type>
        </actions>
        <actions>
            <name>Email_to_Support_after_Order_Submission</name>
            <type>Alert</type>
        </actions>
        <active>true</active>
        <criteriaItems>
            <field>Order.Status</field>
            <operation>equals</operation>
            <value>Order Received</value>
        </criteriaItems>
        <triggerType>onCreateOnly</triggerType>
    </rules>
</Workflow>
