<?xml version="1.0" encoding="UTF-8"?>
<CustomLabels xmlns="http://soap.sforce.com/2006/04/metadata">
    <labels>
        <fullName>City</fullName>
        <language>en_US</language>
        <protected>true</protected>
        <shortDescription>City</shortDescription>
        <value>City</value>
    </labels>
    <labels>
        <fullName>Contact_Phone</fullName>
        <language>en_US</language>
        <protected>true</protected>
        <shortDescription>Contact Phone</shortDescription>
        <value>Contact Phone</value>
    </labels>
    <labels>
        <fullName>Email</fullName>
        <language>en_US</language>
        <protected>true</protected>
        <shortDescription>Email</shortDescription>
        <value>Email</value>
    </labels>
    <labels>
        <fullName>Expected_Start_Date</fullName>
        <language>en_US</language>
        <protected>true</protected>
        <shortDescription>Expected Start Date</shortDescription>
        <value>Expected Start Date</value>
    </labels>
    <labels>
        <fullName>FirstName</fullName>
        <language>en_US</language>
        <protected>true</protected>
        <shortDescription>FirstName</shortDescription>
        <value>First Name</value>
    </labels>
    <labels>
        <fullName>Last_Name</fullName>
        <language>en_US</language>
        <protected>true</protected>
        <shortDescription>Last Name</shortDescription>
        <value>Last Name</value>
    </labels>
    <labels>
        <fullName>Postal_Code</fullName>
        <language>en_US</language>
        <protected>true</protected>
        <shortDescription>Postal Code</shortDescription>
        <value>Postal Code</value>
    </labels>
    <labels>
        <fullName>Province</fullName>
        <language>en_US</language>
        <protected>true</protected>
        <shortDescription>Province</shortDescription>
        <value>Province</value>
    </labels>
    <labels>
        <fullName>Service</fullName>
        <language>en_US</language>
        <protected>true</protected>
        <shortDescription>Service</shortDescription>
        <value>Service</value>
    </labels>
    <labels>
        <fullName>Service_Information</fullName>
        <language>en_US</language>
        <protected>true</protected>
        <shortDescription>Service Information</shortDescription>
        <value>Service Information</value>
    </labels>
    <labels>
        <fullName>Service_Registration_Form</fullName>
        <language>en_US</language>
        <protected>true</protected>
        <shortDescription>Service Registration Form</shortDescription>
        <value>Service Registration Form</value>
    </labels>
    <labels>
        <fullName>Shop</fullName>
        <language>en_US</language>
        <protected>true</protected>
        <shortDescription>Shop</shortDescription>
        <value>Shop</value>
    </labels>
    <labels>
        <fullName>Street</fullName>
        <language>en_US</language>
        <protected>true</protected>
        <shortDescription>Street</shortDescription>
        <value>Street</value>
    </labels>
    <labels>
        <fullName>Street_No</fullName>
        <language>en_US</language>
        <protected>true</protected>
        <shortDescription>Street No</shortDescription>
        <value>Street No</value>
    </labels>
    <labels>
        <fullName>Support</fullName>
        <language>en_US</language>
        <protected>true</protected>
        <shortDescription>Support</shortDescription>
        <value>Support</value>
    </labels>
    <labels>
        <fullName>User_Information</fullName>
        <language>en_US</language>
        <protected>true</protected>
        <shortDescription>User Information</shortDescription>
        <value>User Information</value>
    </labels>
</CustomLabels>
